{
  "geral": {
    "notificados": 229,
    "confirmados": 10,
    "descartados": 138,
    "obitos": 1,
    "recuperados": 4
  },
  "casos": {
    "porto_nacional": {
      "centro": {
        "quantidade": 3,
        "posicao": [-10.675660460315076, -48.40587095000001]
      },
      "sao_vicente": {
        "quantidade": 1,
        "posicao": [-10.702477979166641, -48.40719625833333]
      }
    },
    "luzimangues": {
      "bairro1": {
        "quantidade": 1,
        "posicao": [-10.173193152826029, -48.4560472]
      },
      "bairro2": {
        "quantidade": 2,
        "posicao": [-10.232514777499993, -48.46012003750002]
      }
    }
  },
  "graficos": {
    "datas": [
      "29-04",
      "30-04",
      "01-05",
      "02-05",
      "03-05",
      "04-05",
      "05-05",
      "06-05",
      "07-05",
      "08-05",
      "09-05",
      "10-05",
      "11-05",
      "12-05",
      "13-05",
      "14-05",
      "15-05",
      "16-05",
      "17-05",
      "18-05",
      "19-05"
    ],
    "confirmados": [
      1,
      1,
      1,
      2,
      3,
      3,
      3,
      3,
      3,
      3,
      3,
      3,
      3,
      3,
      3,
      7,
      7,
      7,
      7,
      7,
      7
    ],
    "obitos": [0, 0, 0, 0, 0, 0, 0, 0, 0, 0, 0, 0, 0, 0, 0, 0, 1, 1, 1, 1, 1]
  }
}
